employee_id,first_name,last_name,email,hire_date,job_title,department_id,manager_id,status,created_at,updated_at
1,Danielle,Johnson,danielle.johnson@hrcompany.com,2019-09-05,Sales Development Rep,7,,active,2026-04-05 21:50:04.469873,2026-04-05 21:50:04.469873
2,John,Taylor,john.taylor@hrcompany.com,2016-09-28,Accountant,4,,active,2026-04-05 21:50:04.469873,2026-04-05 21:50:04.469873
3,Erica,Mcclain,erica.mcclain@hrcompany.com,2016-06-24,Engineering Manager,1,,active,2026-04-05 21:50:04.469873,2026-04-05 21:50:04.469873
4,Brittany,Johnson,brittany.johnson@hrcompany.com,2016-08-05,Senior Counsel,9,,active,2026-04-05 21:50:04.469873,2026-04-05 21:50:04.469873
5,Jeffery,Wagner,jeffery.wagner@hrcompany.com,2015-06-14,Operations Manager,10,,active,2026-04-05 21:50:04.469873,2026-04-05 21:50:04.469873
7,Jeffrey,Lawrence,jeffrey.lawrence@hrcompany.com,2015-02-10,Growth Marketer,6,,active,2026-04-05 21:50:04.469873,2026-04-05 21:50:04.469873
9,Matthew,Moore,matthew.moore@hrcompany.com,2020-09-22,Senior Data Engineer,2,,active,2026-04-05 21:50:04.469873,2026-04-05 21:50:04.469873
11,Melanie,Munoz,melanie.munoz@hrcompany.com,2015-09-27,CS Specialist,8,,terminated,2026-04-05 21:50:04.469873,2026-04-05 21:50:04.469873
15,Donna,Mejia,donna.mejia@hrcompany.com,2016-05-10,Associate PM,5,,active,2026-04-05 21:50:04.469873,2026-04-05 21:50:04.469873
28,Michael,Osborn,michael.osborn@hrcompany.com,2017-05-09,HR Specialist,3,,active,2026-04-05 21:50:04.469873,2026-04-05 21:50:04.469873
132,Justin,Jordan,justin.jordan@hrcompany.com,2020-06-25,Senior Counsel,9,,active,2026-04-05 21:50:04.469873,2026-04-05 21:50:04.469873
137,Emily,Walker,emily.walker@hrcompany.com,2018-05-22,Legal Counsel,9,,active,2026-04-05 21:50:04.469873,2026-04-05 21:50:04.469873
140,Robert,Soto,robert.soto@hrcompany.com,2018-04-23,Legal Director,9,,active,2026-04-05 21:50:04.469873,2026-04-05 21:50:04.469873
156,Mark,Owens,mark.owens@hrcompany.com,2016-01-22,Finance Manager,4,,active,2026-04-05 21:50:04.469873,2026-04-05 21:50:04.469873
162,Tracy,Nelson,tracy.nelson@hrcompany.com,2023-04-06,Senior Counsel,9,,active,2026-04-05 21:50:04.469873,2026-04-05 21:50:04.469873
163,Anthony,Rogers,anthony.rogers@hrcompany.com,2021-11-17,Financial Analyst,4,,active,2026-04-05 21:50:04.469873,2026-04-05 21:50:04.469873
166,Brittany,Alvarado,brittany.alvarado@hrcompany.com,2016-06-05,Senior Counsel,9,,active,2026-04-05 21:50:04.469873,2026-04-05 21:50:04.469873
168,Hunter,Green,hunter.green@hrcompany.com,2020-07-27,Senior Analyst,4,,active,2026-04-05 21:50:04.469873,2026-04-05 21:50:04.469873
169,Jason,Murphy,jason.murphy@hrcompany.com,2021-06-13,Senior Counsel,9,,active,2026-04-05 21:50:04.469873,2026-04-05 21:50:04.469873
177,Steven,Scott,steven.scott@hrcompany.com,2021-04-11,Sales Manager,7,,active,2026-04-05 21:50:04.469873,2026-04-05 21:50:04.469873
181,Barbara,Odonnell,barbara.odonnell@hrcompany.com,2021-05-21,VP of Sales,7,,active,2026-04-05 21:50:04.469873,2026-04-05 21:50:04.469873
182,Randy,Espinoza,randy.espinoza@hrcompany.com,2016-04-17,Legal Director,9,,active,2026-04-05 21:50:04.469873,2026-04-05 21:50:04.469873
185,Laura,Knight,laura.knight@hrcompany.com,2015-09-13,Account Executive,7,,active,2026-04-05 21:50:04.469873,2026-04-05 21:50:04.469873
187,Casey,Holland,casey.holland@hrcompany.com,2015-03-20,VP of Sales,7,,active,2026-04-05 21:50:04.469873,2026-04-05 21:50:04.469873
192,Steven,Petersen,steven.petersen@hrcompany.com,2019-07-26,Senior AE,7,,active,2026-04-05 21:50:04.469873,2026-04-05 21:50:04.469873
193,Marcus,Sanchez,marcus.sanchez@hrcompany.com,2016-06-22,Senior AE,7,,active,2026-04-05 21:50:04.469873,2026-04-05 21:50:04.469873
197,Tony,Kelly,tony.kelly@hrcompany.com,2019-05-25,Accountant,4,,active,2026-04-05 21:50:04.469873,2026-04-05 21:50:04.469873
200,Christopher,Cortez,christopher.cortez@hrcompany.com,2023-04-24,Finance Manager,4,,active,2026-04-05 21:50:04.469873,2026-04-05 21:50:04.469873
202,Debbie,Henry,debbie.henry@hrcompany.com,2015-04-18,Data Engineer,2,,terminated,2026-04-05 21:50:04.469873,2026-04-05 21:50:04.469873
203,Christopher,Walker,christopher.walker@hrcompany.com,2019-02-20,Data Science Manager,2,,active,2026-04-05 21:50:04.469873,2026-04-05 21:50:04.469873
205,Angela,Cooper,angela.cooper@hrcompany.com,2020-08-17,Sales Manager,7,,active,2026-04-05 21:50:04.469873,2026-04-05 21:50:04.469873
206,Michael,Chavez,michael.chavez@hrcompany.com,2020-03-20,Financial Analyst,4,,active,2026-04-05 21:50:04.469873,2026-04-05 21:50:04.469873
207,John,Martinez,john.martinez@hrcompany.com,2018-04-11,Financial Analyst,4,,active,2026-04-05 21:50:04.469873,2026-04-05 21:50:04.469873
210,Jenny,Bray,jenny.bray@hrcompany.com,2023-12-04,Senior AE,7,,active,2026-04-05 21:50:04.469873,2026-04-05 21:50:04.469873
211,Candice,Hooper,candice.hooper@hrcompany.com,2018-04-21,Marketing Coordinator,6,,active,2026-04-05 21:50:04.469873,2026-04-05 21:50:04.469873
212,Kenneth,Ward,kenneth.ward@hrcompany.com,2020-02-22,CS Specialist,8,,active,2026-04-05 21:50:04.469873,2026-04-05 21:50:04.469873
213,Alexis,Ferguson,alexis.ferguson@hrcompany.com,2019-09-01,Marketing Manager,6,,active,2026-04-05 21:50:04.469873,2026-04-05 21:50:04.469873
214,Brandon,Brown,brandon.brown@hrcompany.com,2019-12-21,Account Executive,7,,active,2026-04-05 21:50:04.469873,2026-04-05 21:50:04.469873
216,Curtis,Smith,curtis.smith@hrcompany.com,2019-11-02,Senior Counsel,9,,active,2026-04-05 21:50:04.469873,2026-04-05 21:50:04.469873
218,Tammy,King,tammy.king@hrcompany.com,2023-02-16,Financial Analyst,4,,active,2026-04-05 21:50:04.469873,2026-04-05 21:50:04.469873
219,Danny,Jones,danny.jones@hrcompany.com,2023-05-14,Customer Success Manager,8,,active,2026-04-05 21:50:04.469873,2026-04-05 21:50:04.469873
220,Charles,Soto,charles.soto@hrcompany.com,2015-11-30,COO,10,,active,2026-04-05 21:50:04.469873,2026-04-05 21:50:04.469873
221,Edward,Shepherd,edward.shepherd@hrcompany.com,2020-03-02,Senior CSM,8,,active,2026-04-05 21:50:04.469873,2026-04-05 21:50:04.469873
222,Christopher,Wright,christopher.wright@hrcompany.com,2022-01-30,Senior Analyst,4,,active,2026-04-05 21:50:04.469873,2026-04-05 21:50:04.469873
223,Catherine,Gibbs,catherine.gibbs@hrcompany.com,2018-11-03,Growth Marketer,6,,active,2026-04-05 21:50:04.469873,2026-04-05 21:50:04.469873
225,Kenneth,Chapman,kenneth.chapman@hrcompany.com,2022-04-18,Financial Analyst,4,,active,2026-04-05 21:50:04.469873,2026-04-05 21:50:04.469873
226,Kevin,Oliver,kevin.oliver@hrcompany.com,2016-09-08,Sales Manager,7,,active,2026-04-05 21:50:04.469873,2026-04-05 21:50:04.469873
227,Stacey,Clark,stacey.clark@hrcompany.com,2018-08-04,Finance Manager,4,,active,2026-04-05 21:50:04.469873,2026-04-05 21:50:04.469873
228,Joseph,Miller,joseph.miller@hrcompany.com,2019-01-30,CS Team Lead,8,,active,2026-04-05 21:50:04.469873,2026-04-05 21:50:04.469873
229,Glenn,Jones,glenn.jones@hrcompany.com,2015-01-17,Senior Data Engineer,2,,active,2026-04-05 21:50:04.469873,2026-04-05 21:50:04.469873
230,Ricky,Norris,ricky.norris@hrcompany.com,2022-12-29,Senior Analyst,4,,active,2026-04-05 21:50:04.469873,2026-04-05 21:50:04.469873
231,Kelly,Hall,kelly.hall@hrcompany.com,2019-10-23,Marketing Manager,6,,active,2026-04-05 21:50:04.469873,2026-04-05 21:50:04.469873
232,Jacqueline,Gibson,jacqueline.gibson@hrcompany.com,2018-12-21,Marketing Manager,6,,terminated,2026-04-05 21:50:04.469873,2026-04-05 21:50:04.469873
233,Sandra,French,sandra.french@hrcompany.com,2018-05-14,Senior Counsel,9,,active,2026-04-05 21:50:04.469873,2026-04-05 21:50:04.469873
234,Ronald,Stephens,ronald.stephens@hrcompany.com,2017-07-14,Senior CSM,8,,active,2026-04-05 21:50:04.469873,2026-04-05 21:50:04.469873
235,Rebekah,Serrano,rebekah.serrano@hrcompany.com,2016-03-19,Financial Analyst,4,,active,2026-04-05 21:50:04.469873,2026-04-05 21:50:04.469873
236,Brian,Sparks,brian.sparks@hrcompany.com,2019-11-29,Marketing Coordinator,6,,active,2026-04-05 21:50:04.469873,2026-04-05 21:50:04.469873
238,Holly,Bender,holly.bender@hrcompany.com,2023-07-07,Senior CSM,8,,active,2026-04-05 21:50:04.469873,2026-04-05 21:50:04.469873
239,Amber,Kim,amber.kim@hrcompany.com,2015-09-05,Legal Director,9,,active,2026-04-05 21:50:04.469873,2026-04-05 21:50:04.469873
240,Pamela,Navarro,pamela.navarro@hrcompany.com,2019-04-05,Data Engineer,2,,active,2026-04-05 21:50:04.469873,2026-04-05 21:50:04.469873
241,Anthony,Perez,anthony.perez@hrcompany.com,2015-05-09,Content Strategist,6,,active,2026-04-05 21:50:04.469873,2026-04-05 21:50:04.469873
242,Yvonne,Chambers,yvonne.chambers@hrcompany.com,2019-08-02,Legal Counsel,9,,active,2026-04-05 21:50:04.469873,2026-04-05 21:50:04.469873
246,Tanya,Harrison,tanya.harrison@hrcompany.com,2021-12-12,CS Team Lead,8,,active,2026-04-05 21:50:04.469873,2026-04-05 21:50:04.469873
248,Mark,Steele,mark.steele@hrcompany.com,2019-11-26,CS Specialist,8,,active,2026-04-05 21:50:04.469873,2026-04-05 21:50:04.469873
249,Elaine,Morales,elaine.morales@hrcompany.com,2015-08-17,Sales Manager,7,,active,2026-04-05 21:50:04.469873,2026-04-05 21:50:04.469873
251,Darrell,Barton,darrell.barton@hrcompany.com,2023-10-03,Operations Manager,10,,active,2026-04-05 21:50:04.469873,2026-04-05 21:50:04.469873
252,Mallory,Smith,mallory.smith@hrcompany.com,2022-11-10,Financial Analyst,4,,active,2026-04-05 21:50:04.469873,2026-04-05 21:50:04.469873
253,Robert,Lopez,robert.lopez@hrcompany.com,2021-02-26,VP of Sales,7,,active,2026-04-05 21:50:04.469873,2026-04-05 21:50:04.469873
254,Cindy,Jimenez,cindy.jimenez@hrcompany.com,2022-07-09,Operations Analyst,10,,active,2026-04-05 21:50:04.469873,2026-04-05 21:50:04.469873
255,Kathleen,Harris,kathleen.harris@hrcompany.com,2017-03-25,Sales Manager,7,,active,2026-04-05 21:50:04.469873,2026-04-05 21:50:04.469873
257,David,Dudley,david.dudley@hrcompany.com,2019-01-26,VP of Product,5,,active,2026-04-05 21:50:04.469873,2026-04-05 21:50:04.469873
258,Jennifer,Collins,jennifer.collins@hrcompany.com,2015-03-26,Ops Coordinator,10,,active,2026-04-05 21:50:04.469873,2026-04-05 21:50:04.469873
259,Andrea,Davis,andrea.davis@hrcompany.com,2016-12-06,Accountant,4,,active,2026-04-05 21:50:04.469873,2026-04-05 21:50:04.469873
260,Steven,Wilson,steven.wilson@hrcompany.com,2017-08-14,Data Engineer,2,,active,2026-04-05 21:50:04.469873,2026-04-05 21:50:04.469873
261,Tyrone,Moran,tyrone.moran@hrcompany.com,2023-08-29,Legal Counsel,9,,active,2026-04-05 21:50:04.469873,2026-04-05 21:50:04.469873
262,Janice,Perry,janice.perry@hrcompany.com,2023-03-18,Sales Manager,7,,active,2026-04-05 21:50:04.469873,2026-04-05 21:50:04.469873
263,Tina,Sanchez,tina.sanchez@hrcompany.com,2017-06-17,Senior CSM,8,,active,2026-04-05 21:50:04.469873,2026-04-05 21:50:04.469873
264,Patrick,Weeks,patrick.weeks@hrcompany.com,2023-08-25,Senior PM,5,,active,2026-04-05 21:50:04.469873,2026-04-05 21:50:04.469873
265,Julie,Taylor,julie.taylor@hrcompany.com,2016-03-09,CS Specialist,8,,active,2026-04-05 21:50:04.469873,2026-04-05 21:50:04.469873
266,Joshua,Tyler,joshua.tyler@hrcompany.com,2022-01-22,VP of Product,5,,active,2026-04-05 21:50:04.469873,2026-04-05 21:50:04.469873
267,Matthew,French,matthew.french@hrcompany.com,2019-07-19,Finance Manager,4,,active,2026-04-05 21:50:04.469873,2026-04-05 21:50:04.469873
268,Lori,Campbell,lori.campbell@hrcompany.com,2020-01-30,Accountant,4,,active,2026-04-05 21:50:04.469873,2026-04-05 21:50:04.469873
270,Michelle,Griffin,michelle.griffin@hrcompany.com,2023-03-29,VP of Product,5,,active,2026-04-05 21:50:04.469873,2026-04-05 21:50:04.469873
271,Michael,Arnold,michael.arnold@hrcompany.com,2021-06-01,Operations Manager,10,,active,2026-04-05 21:50:04.469873,2026-04-05 21:50:04.469873
272,Stanley,Morris,stanley.morris@hrcompany.com,2018-03-18,Senior CSM,8,,active,2026-04-05 21:50:04.469873,2026-04-05 21:50:04.469873
273,Tina,Allen,tina.allen@hrcompany.com,2021-07-07,VP of Product,5,,active,2026-04-05 21:50:04.469873,2026-04-05 21:50:04.469873
274,Jesus,Rowe,jesus.rowe@hrcompany.com,2015-09-29,CS Specialist,8,,active,2026-04-05 21:50:04.469873,2026-04-05 21:50:04.469873
275,Louis,Kennedy,louis.kennedy@hrcompany.com,2021-06-26,Senior AE,7,,active,2026-04-05 21:50:04.469873,2026-04-05 21:50:04.469873
277,Tyler,Johnson,tyler.johnson@hrcompany.com,2023-07-19,Ops Coordinator,10,,terminated,2026-04-05 21:50:04.469873,2026-04-05 21:50:04.469873
278,Tammy,Rivera,tammy.rivera@hrcompany.com,2016-09-15,VP of Product,5,,active,2026-04-05 21:50:04.469873,2026-04-05 21:50:04.469873
280,Renee,Smith,renee.smith@hrcompany.com,2017-06-14,Senior CSM,8,,active,2026-04-05 21:50:04.469873,2026-04-05 21:50:04.469873
281,Robert,Pena,robert.pena@hrcompany.com,2017-08-17,COO,10,,active,2026-04-05 21:50:04.469873,2026-04-05 21:50:04.469873
282,Charles,Harrington,charles.harrington@hrcompany.com,2019-07-05,CS Specialist,8,,active,2026-04-05 21:50:04.469873,2026-04-05 21:50:04.469873
283,Matthew,Schwartz,matthew.schwartz@hrcompany.com,2016-05-14,Senior AE,7,,active,2026-04-05 21:50:04.469873,2026-04-05 21:50:04.469873
284,Melissa,Phelps,melissa.phelps@hrcompany.com,2021-06-19,Data Engineer,2,,active,2026-04-05 21:50:04.469873,2026-04-05 21:50:04.469873
285,Stephanie,Sims,stephanie.sims@hrcompany.com,2023-04-21,Senior CSM,8,,active,2026-04-05 21:50:04.469873,2026-04-05 21:50:04.469873
286,Monique,Johnson,monique.johnson@hrcompany.com,2016-03-01,VP of Sales,7,,active,2026-04-05 21:50:04.469873,2026-04-05 21:50:04.469873
287,Jimmy,Cohen,jimmy.cohen@hrcompany.com,2019-11-21,Senior Data Engineer,2,,active,2026-04-05 21:50:04.469873,2026-04-05 21:50:04.469873
288,Wendy,Francis,wendy.francis@hrcompany.com,2022-05-20,Analytics Engineer,2,,active,2026-04-05 21:50:04.469873,2026-04-05 21:50:04.469873
289,Tiffany,Hodges,tiffany.hodges@hrcompany.com,2016-09-16,Engineering Manager,1,,active,2026-04-05 21:50:04.469873,2026-04-05 21:50:04.469873
290,Scott,Benson,scott.benson@hrcompany.com,2015-06-29,Software Engineer,1,,active,2026-04-05 21:50:04.469873,2026-04-05 21:50:04.469873
291,Brandon,Flynn,brandon.flynn@hrcompany.com,2019-12-28,COO,10,,active,2026-04-05 21:50:04.469873,2026-04-05 21:50:04.469873
292,Michael,Jordan,michael.jordan@hrcompany.com,2019-02-26,Software Engineer,1,,active,2026-04-05 21:50:04.469873,2026-04-05 21:50:04.469873
294,George,Miller,george.miller@hrcompany.com,2021-07-05,CS Specialist,8,,active,2026-04-05 21:50:04.469873,2026-04-05 21:50:04.469873
295,Christine,Allen,christine.allen@hrcompany.com,2017-06-08,Operations Analyst,10,,active,2026-04-05 21:50:04.469873,2026-04-05 21:50:04.469873
296,Jesse,Little,jesse.little@hrcompany.com,2022-10-26,VP of Product,5,,active,2026-04-05 21:50:04.469873,2026-04-05 21:50:04.469873
297,Jonathan,Smith,jonathan.smith@hrcompany.com,2022-11-30,Sales Development Rep,7,,active,2026-04-05 21:50:04.469873,2026-04-05 21:50:04.469873
298,Rachel,Byrd,rachel.byrd@hrcompany.com,2017-09-08,Analytics Engineer,2,,active,2026-04-05 21:50:04.469873,2026-04-05 21:50:04.469873
299,Charles,Landry,charles.landry@hrcompany.com,2020-02-02,Talent Acquisition,3,,active,2026-04-05 21:50:04.469873,2026-04-05 21:50:04.469873
300,Danielle,Coleman,danielle.coleman@hrcompany.com,2019-04-04,VP of Product,5,,active,2026-04-05 21:50:04.469873,2026-04-05 21:50:04.469873
301,Stephen,Turner,stephen.turner@hrcompany.com,2021-07-18,Sales Manager,7,,terminated,2026-04-05 21:50:04.469873,2026-04-05 21:50:04.469873
302,Melissa,Rodriguez,melissa.rodriguez@hrcompany.com,2021-06-27,Finance Manager,4,,active,2026-04-05 21:50:04.469873,2026-04-05 21:50:04.469873
303,Ashley,Andrews,ashley.andrews@hrcompany.com,2020-01-09,Account Executive,7,,active,2026-04-05 21:50:04.469873,2026-04-05 21:50:04.469873
304,Andrew,Greer,andrew.greer@hrcompany.com,2021-09-25,Legal Director,9,,active,2026-04-05 21:50:04.469873,2026-04-05 21:50:04.469873
305,Joshua,Knight,joshua.knight@hrcompany.com,2015-11-01,Senior Data Engineer,2,,active,2026-04-05 21:50:04.469873,2026-04-05 21:50:04.469873
306,Renee,Mcgee,renee.mcgee@hrcompany.com,2019-11-14,Senior AE,7,,active,2026-04-05 21:50:04.469873,2026-04-05 21:50:04.469873
307,Kimberly,Hall,kimberly.hall@hrcompany.com,2020-12-29,Senior Counsel,9,,active,2026-04-05 21:50:04.469873,2026-04-05 21:50:04.469873
308,Jeffery,Lee,jeffery.lee@hrcompany.com,2019-04-07,Senior PM,5,,active,2026-04-05 21:50:04.469873,2026-04-05 21:50:04.469873
309,Erica,Le,erica.le@hrcompany.com,2017-04-29,COO,10,,active,2026-04-05 21:50:04.469873,2026-04-05 21:50:04.469873
310,Courtney,Berger,courtney.berger@hrcompany.com,2015-09-02,CS Team Lead,8,,active,2026-04-05 21:50:04.469873,2026-04-05 21:50:04.469873
311,Kyle,Alexander,kyle.alexander@hrcompany.com,2021-03-17,Legal Director,9,,active,2026-04-05 21:50:04.469873,2026-04-05 21:50:04.469873
312,Jessica,Davis,jessica.davis@hrcompany.com,2020-01-08,Content Strategist,6,,terminated,2026-04-05 21:50:04.469873,2026-04-05 21:50:04.469873
313,Mark,Perry,mark.perry@hrcompany.com,2018-06-01,CFO,4,,active,2026-04-05 21:50:04.469873,2026-04-05 21:50:04.469873
314,David,Ryan,david.ryan@hrcompany.com,2021-03-23,Sales Development Rep,7,,active,2026-04-05 21:50:04.469873,2026-04-05 21:50:04.469873
315,Alyssa,Mcintyre,alyssa.mcintyre@hrcompany.com,2017-10-19,CS Team Lead,8,,active,2026-04-05 21:50:04.469873,2026-04-05 21:50:04.469873
316,Jonathan,Summers,jonathan.summers@hrcompany.com,2023-03-14,Talent Acquisition,3,,terminated,2026-04-05 21:50:04.469873,2026-04-05 21:50:04.469873
317,Tammy,Phillips,tammy.phillips@hrcompany.com,2020-10-05,HR Manager,3,,terminated,2026-04-05 21:50:04.469873,2026-04-05 21:50:04.469873
318,Linda,Mcdonald,linda.mcdonald@hrcompany.com,2016-04-12,Marketing Coordinator,6,,active,2026-04-05 21:50:04.469873,2026-04-05 21:50:04.469873
319,Donald,Levy,donald.levy@hrcompany.com,2021-10-05,CS Specialist,8,,active,2026-04-05 21:50:04.469873,2026-04-05 21:50:04.469873
320,Tammy,Ballard,tammy.ballard@hrcompany.com,2021-03-22,CS Specialist,8,,active,2026-04-05 21:50:04.469873,2026-04-05 21:50:04.469873
321,Christopher,Foster,christopher.foster@hrcompany.com,2019-07-02,Account Executive,7,,active,2026-04-05 21:50:04.469873,2026-04-05 21:50:04.469873
322,Amanda,Gibson,amanda.gibson@hrcompany.com,2019-06-18,Senior PM,5,,active,2026-04-05 21:50:04.469873,2026-04-05 21:50:04.469873
323,Brenda,Carson,brenda.carson@hrcompany.com,2021-04-27,Sales Development Rep,7,,active,2026-04-05 21:50:04.469873,2026-04-05 21:50:04.469873
324,Daniel,Hall,daniel.hall@hrcompany.com,2015-06-05,Senior Counsel,9,,terminated,2026-04-05 21:50:04.469873,2026-04-05 21:50:04.469873
325,Christine,Hahn,christine.hahn@hrcompany.com,2020-07-31,CS Specialist,8,,active,2026-04-05 21:50:04.469873,2026-04-05 21:50:04.469873
326,Rose,Walker,rose.walker@hrcompany.com,2016-01-28,Senior Analyst,4,,terminated,2026-04-05 21:50:04.469873,2026-04-05 21:50:04.469873
327,Cynthia,Marshall,cynthia.marshall@hrcompany.com,2020-02-21,Analytics Engineer,2,,terminated,2026-04-05 21:50:04.469873,2026-04-05 21:50:04.469873
328,Debra,Wilson,debra.wilson@hrcompany.com,2015-10-09,Analytics Engineer,2,,active,2026-04-05 21:50:04.469873,2026-04-05 21:50:04.469873
329,Sophia,Torres,sophia.torres@hrcompany.com,2023-05-20,Associate PM,5,,active,2026-04-05 21:50:04.469873,2026-04-05 21:50:04.469873
330,Darren,Young,darren.young@hrcompany.com,2017-04-22,Senior Engineer,1,,active,2026-04-05 21:50:04.469873,2026-04-05 21:50:04.469873
331,Paul,Watson,paul.watson@hrcompany.com,2022-02-17,Account Executive,7,,active,2026-04-05 21:50:04.469873,2026-04-05 21:50:04.469873
332,Brenda,Barber,brenda.barber@hrcompany.com,2022-01-22,VP of Sales,7,,active,2026-04-05 21:50:04.469873,2026-04-05 21:50:04.469873
333,Diana,Bass,diana.bass@hrcompany.com,2021-12-10,HR Specialist,3,,active,2026-04-05 21:50:04.469873,2026-04-05 21:50:04.469873
334,Sheila,Ramirez,sheila.ramirez@hrcompany.com,2021-04-21,COO,10,,active,2026-04-05 21:50:04.469873,2026-04-05 21:50:04.469873
335,Jeff,Wallace,jeff.wallace@hrcompany.com,2019-01-07,Finance Manager,4,,active,2026-04-05 21:50:04.469873,2026-04-05 21:50:04.469873
336,Melissa,Garcia,melissa.garcia@hrcompany.com,2021-04-01,HR Specialist,3,,active,2026-04-05 21:50:04.469873,2026-04-05 21:50:04.469873
337,Amy,Levine,amy.levine@hrcompany.com,2021-02-06,Group PM,5,,active,2026-04-05 21:50:04.469873,2026-04-05 21:50:04.469873
338,Bruce,Hill,bruce.hill@hrcompany.com,2017-01-29,Tech Lead,1,,active,2026-04-05 21:50:04.469873,2026-04-05 21:50:04.469873
339,Stacy,Holloway,stacy.holloway@hrcompany.com,2016-07-23,Legal Counsel,9,,active,2026-04-05 21:50:04.469873,2026-04-05 21:50:04.469873
340,Elizabeth,May,elizabeth.may@hrcompany.com,2015-05-13,CMO,6,,active,2026-04-05 21:50:04.469873,2026-04-05 21:50:04.469873
341,Brent,Cook,brent.cook@hrcompany.com,2017-02-21,Senior AE,7,,active,2026-04-05 21:50:04.469873,2026-04-05 21:50:04.469873
342,Kristin,Harris,kristin.harris@hrcompany.com,2018-07-11,Product Manager,5,,terminated,2026-04-05 21:50:04.469873,2026-04-05 21:50:04.469873
343,Brenda,Li,brenda.li@hrcompany.com,2018-12-18,CS Specialist,8,,active,2026-04-05 21:50:04.469873,2026-04-05 21:50:04.469873
344,Mark,Hernandez,mark.hernandez@hrcompany.com,2015-01-18,Operations Manager,10,,active,2026-04-05 21:50:04.469873,2026-04-05 21:50:04.469873
345,Joshua,Riggs,joshua.riggs@hrcompany.com,2017-03-18,Associate PM,5,,terminated,2026-04-05 21:50:04.469873,2026-04-05 21:50:04.469873
346,Amber,Lindsey,amber.lindsey@hrcompany.com,2016-11-14,Senior AE,7,,active,2026-04-05 21:50:04.469873,2026-04-05 21:50:04.469873
347,Donna,Johnson,donna.johnson@hrcompany.com,2015-04-03,Engineering Manager,1,,active,2026-04-05 21:50:04.469873,2026-04-05 21:50:04.469873
348,Michael,Kramer,michael.kramer@hrcompany.com,2020-07-04,Product Manager,5,,active,2026-04-05 21:50:04.469873,2026-04-05 21:50:04.469873
349,Alfred,Baker,alfred.baker@hrcompany.com,2017-02-26,Content Strategist,6,,active,2026-04-05 21:50:04.469873,2026-04-05 21:50:04.469873
350,Judy,Fox,judy.fox@hrcompany.com,2016-01-30,Operations Manager,10,,active,2026-04-05 21:50:04.469873,2026-04-05 21:50:04.469873
351,Thomas,Strickland,thomas.strickland@hrcompany.com,2023-09-25,HR Coordinator,3,,active,2026-04-05 21:50:04.469873,2026-04-05 21:50:04.469873
352,Brittney,Hayes,brittney.hayes@hrcompany.com,2018-10-08,Senior Engineer,1,,active,2026-04-05 21:50:04.469873,2026-04-05 21:50:04.469873
353,Sonia,Williams,sonia.williams@hrcompany.com,2023-11-15,Engineering Manager,1,,active,2026-04-05 21:50:04.469873,2026-04-05 21:50:04.469873
354,Kevin,Schneider,kevin.schneider@hrcompany.com,2015-07-13,HR Coordinator,3,,active,2026-04-05 21:50:04.469873,2026-04-05 21:50:04.469873
355,Bruce,Mendoza,bruce.mendoza@hrcompany.com,2021-10-31,Marketing Manager,6,,active,2026-04-05 21:50:04.469873,2026-04-05 21:50:04.469873
356,Ronald,Rodriguez,ronald.rodriguez@hrcompany.com,2022-07-19,HR Manager,3,,active,2026-04-05 21:50:04.469873,2026-04-05 21:50:04.469873
357,Charles,Miller,charles.miller@hrcompany.com,2017-07-10,CMO,6,,active,2026-04-05 21:50:04.469873,2026-04-05 21:50:04.469873
358,Cameron,Hill,cameron.hill@hrcompany.com,2020-07-13,Product Manager,5,,active,2026-04-05 21:50:04.469873,2026-04-05 21:50:04.469873
359,Oscar,Harper,oscar.harper@hrcompany.com,2020-01-07,Senior CSM,8,,active,2026-04-05 21:50:04.469873,2026-04-05 21:50:04.469873
360,Shawn,Jacobs,shawn.jacobs@hrcompany.com,2016-09-08,Marketing Coordinator,6,,active,2026-04-05 21:50:04.469873,2026-04-05 21:50:04.469873
361,Laura,Wilson,laura.wilson@hrcompany.com,2018-08-29,Data Engineer,2,,active,2026-04-05 21:50:04.469873,2026-04-05 21:50:04.469873
362,Russell,Beasley,russell.beasley@hrcompany.com,2022-01-15,Finance Manager,4,,terminated,2026-04-05 21:50:04.469873,2026-04-05 21:50:04.469873
363,Matthew,Chavez,matthew.chavez@hrcompany.com,2022-01-28,Senior Counsel,9,,active,2026-04-05 21:50:04.469873,2026-04-05 21:50:04.469873
364,Jessica,Edwards,jessica.edwards1@hrcompany.com,2020-04-25,Sales Development Rep,7,,active,2026-04-05 21:50:04.469873,2026-04-05 21:50:04.469873
365,Elizabeth,Brooks,elizabeth.brooks@hrcompany.com,2017-08-06,Analytics Engineer,2,,active,2026-04-05 21:50:04.469873,2026-04-05 21:50:04.469873
366,Gloria,Wells,gloria.wells@hrcompany.com,2016-07-20,VP of Product,5,,active,2026-04-05 21:50:04.469873,2026-04-05 21:50:04.469873
367,Marie,Davis,marie.davis@hrcompany.com,2016-08-23,Marketing Coordinator,6,,active,2026-04-05 21:50:04.469873,2026-04-05 21:50:04.469873
368,Julie,Watson,julie.watson@hrcompany.com,2017-03-19,CS Specialist,8,,active,2026-04-05 21:50:04.469873,2026-04-05 21:50:04.469873
369,Angela,Willis,angela.willis@hrcompany.com,2020-08-10,Senior Counsel,9,,active,2026-04-05 21:50:04.469873,2026-04-05 21:50:04.469873
370,Elizabeth,Jenkins,elizabeth.jenkins@hrcompany.com,2022-03-13,Financial Analyst,4,,active,2026-04-05 21:50:04.469873,2026-04-05 21:50:04.469873
371,Miranda,Griffith,miranda.griffith@hrcompany.com,2019-11-23,Senior CSM,8,,active,2026-04-05 21:50:04.469873,2026-04-05 21:50:04.469873
372,Caroline,Bell,caroline.bell@hrcompany.com,2023-08-19,Data Engineer,2,,active,2026-04-05 21:50:04.469873,2026-04-05 21:50:04.469873
373,Jason,Douglas,jason.douglas@hrcompany.com,2018-10-25,Senior Engineer,1,,terminated,2026-04-05 21:50:04.469873,2026-04-05 21:50:04.469873
374,Melanie,Bell,melanie.bell@hrcompany.com,2021-04-02,Data Analyst,2,,active,2026-04-05 21:50:04.469873,2026-04-05 21:50:04.469873
375,Danny,Ramirez,danny.ramirez@hrcompany.com,2018-11-06,Legal Counsel,9,,active,2026-04-05 21:50:04.469873,2026-04-05 21:50:04.469873
376,Lindsay,Bruce,lindsay.bruce@hrcompany.com,2015-06-13,CMO,6,,active,2026-04-05 21:50:04.469873,2026-04-05 21:50:04.469873
377,Chelsea,Barrett,chelsea.barrett@hrcompany.com,2019-07-20,Talent Acquisition,3,,active,2026-04-05 21:50:04.469873,2026-04-05 21:50:04.469873
378,Anthony,Nelson,anthony.nelson@hrcompany.com,2020-04-03,CS Team Lead,8,,active,2026-04-05 21:50:04.469873,2026-04-05 21:50:04.469873
379,Sandra,Bell,sandra.bell@hrcompany.com,2018-02-01,Associate PM,5,,active,2026-04-05 21:50:04.469873,2026-04-05 21:50:04.469873
380,Molly,Knight,molly.knight@hrcompany.com,2021-10-26,Finance Manager,4,,active,2026-04-05 21:50:04.469873,2026-04-05 21:50:04.469873
381,Chad,Figueroa,chad.figueroa@hrcompany.com,2015-07-10,Senior Analyst,4,,active,2026-04-05 21:50:04.469873,2026-04-05 21:50:04.469873
382,Christopher,Moreno,christopher.moreno@hrcompany.com,2021-05-26,CMO,6,,active,2026-04-05 21:50:04.469873,2026-04-05 21:50:04.469873
383,Robert,Peterson,robert.peterson@hrcompany.com,2021-04-18,Marketing Coordinator,6,,active,2026-04-05 21:50:04.469873,2026-04-05 21:50:04.469873
384,Larry,Nguyen,larry.nguyen@hrcompany.com,2016-06-11,Financial Analyst,4,,active,2026-04-05 21:50:04.469873,2026-04-05 21:50:04.469873
385,Nicole,Moore,nicole.moore@hrcompany.com,2015-11-06,CS Specialist,8,,active,2026-04-05 21:50:04.469873,2026-04-05 21:50:04.469873
386,Emily,Nelson,emily.nelson@hrcompany.com,2022-03-19,Ops Coordinator,10,,active,2026-04-05 21:50:04.469873,2026-04-05 21:50:04.469873
387,Todd,Ramos,todd.ramos@hrcompany.com,2019-08-25,Content Strategist,6,,terminated,2026-04-05 21:50:04.469873,2026-04-05 21:50:04.469873
388,Jason,Hunt,jason.hunt@hrcompany.com,2020-11-14,Operations Analyst,10,,active,2026-04-05 21:50:04.469873,2026-04-05 21:50:04.469873
389,Russell,Campbell,russell.campbell@hrcompany.com,2023-04-12,Legal Counsel,9,,active,2026-04-05 21:50:04.469873,2026-04-05 21:50:04.469873
390,Alison,Parker,alison.parker@hrcompany.com,2018-10-02,Senior Analyst,4,,active,2026-04-05 21:50:04.469873,2026-04-05 21:50:04.469873
391,Randall,Greene,randall.greene@hrcompany.com,2015-02-17,Ops Coordinator,10,,active,2026-04-05 21:50:04.469873,2026-04-05 21:50:04.469873
392,James,Dougherty,james.dougherty@hrcompany.com,2017-05-02,HR Specialist,3,,active,2026-04-05 21:50:04.469873,2026-04-05 21:50:04.469873
393,Kathryn,Roberts,kathryn.roberts@hrcompany.com,2017-01-15,HR Coordinator,3,,active,2026-04-05 21:50:04.469873,2026-04-05 21:50:04.469873
394,Adrian,Burgess,adrian.burgess@hrcompany.com,2017-12-27,Software Engineer,1,,active,2026-04-05 21:50:04.469873,2026-04-05 21:50:04.469873
395,David,Patel,david.patel@hrcompany.com,2018-11-30,CFO,4,,active,2026-04-05 21:50:04.469873,2026-04-05 21:50:04.469873
396,Vincent,Whitaker,vincent.whitaker@hrcompany.com,2021-01-09,HR Business Partner,3,,active,2026-04-05 21:50:04.469873,2026-04-05 21:50:04.469873
397,Charles,Hensley,charles.hensley@hrcompany.com,2015-09-20,VP of Sales,7,,active,2026-04-05 21:50:04.469873,2026-04-05 21:50:04.469873
398,Ryan,Stevens,ryan.stevens@hrcompany.com,2016-04-28,Analytics Engineer,2,,active,2026-04-05 21:50:04.469873,2026-04-05 21:50:04.469873
399,Michelle,Johnston,michelle.johnston@hrcompany.com,2021-11-17,CMO,6,,active,2026-04-05 21:50:04.469873,2026-04-05 21:50:04.469873
400,Jenna,Butler,jenna.butler@hrcompany.com,2016-12-16,Customer Success Manager,8,,active,2026-04-05 21:50:04.469873,2026-04-05 21:50:04.469873
401,Richard,Burch,richard.burch@hrcompany.com,2017-12-03,Engineering Manager,1,,active,2026-04-05 21:50:04.469873,2026-04-05 21:50:04.469873
402,Laurie,Montgomery,laurie.montgomery@hrcompany.com,2021-02-26,Junior Developer,1,,terminated,2026-04-05 21:50:04.469873,2026-04-05 21:50:04.469873
403,Christopher,Richard,christopher.richard@hrcompany.com,2019-02-20,Sales Manager,7,,active,2026-04-05 21:50:04.469873,2026-04-05 21:50:04.469873
404,Ryan,Morales,ryan.morales@hrcompany.com,2016-05-03,CS Team Lead,8,,active,2026-04-05 21:50:04.469873,2026-04-05 21:50:04.469873
405,Randy,Collins,randy.collins@hrcompany.com,2020-10-10,Senior Data Engineer,2,,active,2026-04-05 21:50:04.469873,2026-04-05 21:50:04.469873
406,Jeffrey,Maxwell,jeffrey.maxwell@hrcompany.com,2016-04-19,Data Engineer,2,,active,2026-04-05 21:50:04.469873,2026-04-05 21:50:04.469873
407,William,Wilson,william.wilson@hrcompany.com,2023-09-04,Operations Manager,10,,active,2026-04-05 21:50:04.469873,2026-04-05 21:50:04.469873
408,James,Parsons,james.parsons@hrcompany.com,2020-12-21,Operations Manager,10,,active,2026-04-05 21:50:04.469873,2026-04-05 21:50:04.469873
409,Jessica,Fuentes,jessica.fuentes@hrcompany.com,2017-07-06,COO,10,,active,2026-04-05 21:50:04.469873,2026-04-05 21:50:04.469873
410,Joel,Thomas,joel.thomas@hrcompany.com,2018-05-10,Data Science Manager,2,,active,2026-04-05 21:50:04.469873,2026-04-05 21:50:04.469873
411,Glenn,Hernandez,glenn.hernandez@hrcompany.com,2016-04-13,Finance Manager,4,,active,2026-04-05 21:50:04.469873,2026-04-05 21:50:04.469873
412,Gregory,Mejia,gregory.mejia@hrcompany.com,2023-05-29,Finance Manager,4,,active,2026-04-05 21:50:04.469873,2026-04-05 21:50:04.469873
413,Steven,Elliott,steven.elliott@hrcompany.com,2022-08-21,CS Team Lead,8,,active,2026-04-05 21:50:04.469873,2026-04-05 21:50:04.469873
414,Erin,Macias,erin.macias@hrcompany.com,2020-07-01,Senior Data Engineer,2,,active,2026-04-05 21:50:04.469873,2026-04-05 21:50:04.469873
415,Michelle,Burton,michelle.burton@hrcompany.com,2017-07-27,Senior PM,5,,terminated,2026-04-05 21:50:04.469873,2026-04-05 21:50:04.469873
416,Scott,Harrison,scott.harrison1@hrcompany.com,2020-02-25,CS Specialist,8,,active,2026-04-05 21:50:04.469873,2026-04-05 21:50:04.469873
417,Laura,Vargas,laura.vargas@hrcompany.com,2020-12-26,Data Analyst,2,,active,2026-04-05 21:50:04.469873,2026-04-05 21:50:04.469873
418,William,Collins,william.collins@hrcompany.com,2022-09-09,Content Strategist,6,,active,2026-04-05 21:50:04.469873,2026-04-05 21:50:04.469873
419,Benjamin,Wood,benjamin.wood@hrcompany.com,2019-11-19,Operations Manager,10,,active,2026-04-05 21:50:04.469873,2026-04-05 21:50:04.469873
420,Chase,Lin,chase.lin@hrcompany.com,2016-07-15,Senior AE,7,,active,2026-04-05 21:50:04.469873,2026-04-05 21:50:04.469873
421,Christina,Hunter,christina.hunter@hrcompany.com,2022-11-15,Sales Development Rep,7,,terminated,2026-04-05 21:50:04.469873,2026-04-05 21:50:04.469873
422,Betty,Best,betty.best@hrcompany.com,2015-09-12,Operations Manager,10,,active,2026-04-05 21:50:04.469873,2026-04-05 21:50:04.469873
423,Shannon,Pacheco,shannon.pacheco@hrcompany.com,2018-03-15,Operations Analyst,10,,active,2026-04-05 21:50:04.469873,2026-04-05 21:50:04.469873
424,Marc,Alvarez,marc.alvarez@hrcompany.com,2017-07-26,Customer Success Manager,8,,active,2026-04-05 21:50:04.469873,2026-04-05 21:50:04.469873
425,Susan,Hayes,susan.hayes@hrcompany.com,2020-11-04,CMO,6,,active,2026-04-05 21:50:04.469873,2026-04-05 21:50:04.469873
426,Toni,Miller,toni.miller@hrcompany.com,2017-12-08,VP of Product,5,,active,2026-04-05 21:50:04.469873,2026-04-05 21:50:04.469873
427,Benjamin,Zimmerman,benjamin.zimmerman@hrcompany.com,2022-06-23,VP of Sales,7,,terminated,2026-04-05 21:50:04.469873,2026-04-05 21:50:04.469873
428,Alexandria,Bishop,alexandria.bishop@hrcompany.com,2021-03-11,Ops Coordinator,10,,active,2026-04-05 21:50:04.469873,2026-04-05 21:50:04.469873
429,Nathan,Campbell,nathan.campbell@hrcompany.com,2021-12-15,Associate PM,5,,active,2026-04-05 21:50:04.469873,2026-04-05 21:50:04.469873
430,Kim,Shelton,kim.shelton@hrcompany.com,2015-11-22,Senior PM,5,,active,2026-04-05 21:50:04.469873,2026-04-05 21:50:04.469873
431,Kristina,Holland,kristina.holland@hrcompany.com,2016-02-14,HR Specialist,3,,active,2026-04-05 21:50:04.469873,2026-04-05 21:50:04.469873
432,Mark,Grant,mark.grant@hrcompany.com,2021-07-30,Sales Development Rep,7,,active,2026-04-05 21:50:04.469873,2026-04-05 21:50:04.469873
433,Justin,Cummings,justin.cummings@hrcompany.com,2017-07-23,Junior Developer,1,,active,2026-04-05 21:50:04.469873,2026-04-05 21:50:04.469873
434,Mathew,Aguilar,mathew.aguilar@hrcompany.com,2017-05-28,Finance Manager,4,,active,2026-04-05 21:50:04.469873,2026-04-05 21:50:04.469873
435,Sabrina,Collins,sabrina.collins@hrcompany.com,2021-09-01,Content Strategist,6,,active,2026-04-05 21:50:04.469873,2026-04-05 21:50:04.469873
436,David,Fletcher,david.fletcher@hrcompany.com,2016-06-10,CMO,6,,active,2026-04-05 21:50:04.469873,2026-04-05 21:50:04.469873
437,Kyle,Bennett,kyle.bennett@hrcompany.com,2020-08-03,Software Engineer,1,,active,2026-04-05 21:50:04.469873,2026-04-05 21:50:04.469873
438,Lisa,Santiago,lisa.santiago@hrcompany.com,2023-12-15,Ops Coordinator,10,,active,2026-04-05 21:50:04.469873,2026-04-05 21:50:04.469873
439,Clarence,Santiago,clarence.santiago@hrcompany.com,2023-08-26,Group PM,5,,active,2026-04-05 21:50:04.469873,2026-04-05 21:50:04.469873
440,Michael,Cox,michael.cox@hrcompany.com,2018-01-25,CS Team Lead,8,,active,2026-04-05 21:50:04.469873,2026-04-05 21:50:04.469873
441,Stephanie,Peterson,stephanie.peterson@hrcompany.com,2023-04-10,CFO,4,,active,2026-04-05 21:50:04.469873,2026-04-05 21:50:04.469873
442,James,Cooke,james.cooke@hrcompany.com,2017-08-20,Sales Development Rep,7,,active,2026-04-05 21:50:04.469873,2026-04-05 21:50:04.469873
443,Chris,Richard,chris.richard@hrcompany.com,2016-09-20,COO,10,,active,2026-04-05 21:50:04.469873,2026-04-05 21:50:04.469873
444,William,Fernandez,william.fernandez@hrcompany.com,2023-12-16,Associate PM,5,,active,2026-04-05 21:50:04.469873,2026-04-05 21:50:04.469873
445,Benjamin,Rogers,benjamin.rogers@hrcompany.com,2017-03-25,Ops Coordinator,10,,active,2026-04-05 21:50:04.469873,2026-04-05 21:50:04.469873
446,Carla,Moore,carla.moore@hrcompany.com,2018-01-28,Product Manager,5,,active,2026-04-05 21:50:04.469873,2026-04-05 21:50:04.469873
447,Marie,Wise,marie.wise@hrcompany.com,2017-10-25,Senior PM,5,,active,2026-04-05 21:50:04.469873,2026-04-05 21:50:04.469873
448,Jennifer,Williams,jennifer.williams@hrcompany.com,2021-03-13,Tech Lead,1,,active,2026-04-05 21:50:04.469873,2026-04-05 21:50:04.469873
449,Erica,Young,erica.young@hrcompany.com,2022-07-23,HR Specialist,3,,active,2026-04-05 21:50:04.469873,2026-04-05 21:50:04.469873
450,Cheryl,Goodwin,cheryl.goodwin@hrcompany.com,2022-08-21,CFO,4,,active,2026-04-05 21:50:04.469873,2026-04-05 21:50:04.469873
451,Jesus,Allen,jesus.allen@hrcompany.com,2022-12-24,Marketing Coordinator,6,,active,2026-04-05 21:50:04.469873,2026-04-05 21:50:04.469873
452,Rebecca,Lee,rebecca.lee@hrcompany.com,2022-06-30,Tech Lead,1,,active,2026-04-05 21:50:04.469873,2026-04-05 21:50:04.469873
453,Steven,Campbell,steven.campbell@hrcompany.com,2021-06-30,Senior Data Engineer,2,,active,2026-04-05 21:50:04.469873,2026-04-05 21:50:04.469873
454,Wesley,Barnes,wesley.barnes@hrcompany.com,2017-10-03,COO,10,,active,2026-04-05 21:50:04.469873,2026-04-05 21:50:04.469873
455,Lisa,Solis,lisa.solis@hrcompany.com,2017-05-09,Senior AE,7,,active,2026-04-05 21:50:04.469873,2026-04-05 21:50:04.469873
456,Monique,Williams,monique.williams@hrcompany.com,2023-03-06,Senior Engineer,1,,active,2026-04-05 21:50:04.469873,2026-04-05 21:50:04.469873
457,Morgan,Spencer,morgan.spencer@hrcompany.com,2016-09-29,COO,10,,active,2026-04-05 21:50:04.469873,2026-04-05 21:50:04.469873
458,Jennifer,Black,jennifer.black@hrcompany.com,2017-02-13,Marketing Coordinator,6,,active,2026-04-05 21:50:04.469873,2026-04-05 21:50:04.469873
459,Justin,Hines,justin.hines@hrcompany.com,2019-08-23,Data Engineer,2,,active,2026-04-05 21:50:04.469873,2026-04-05 21:50:04.469873
460,Shannon,Palmer,shannon.palmer@hrcompany.com,2022-06-11,VP of Sales,7,,active,2026-04-05 21:50:04.469873,2026-04-05 21:50:04.469873
461,Christopher,Lozano,christopher.lozano@hrcompany.com,2022-09-04,Senior PM,5,,active,2026-04-05 21:50:04.469873,2026-04-05 21:50:04.469873
462,Nicole,Arias,nicole.arias@hrcompany.com,2022-01-22,HR Coordinator,3,,active,2026-04-05 21:50:04.469873,2026-04-05 21:50:04.469873
463,Brian,Shaw,brian.shaw@hrcompany.com,2019-01-05,Data Science Manager,2,,active,2026-04-05 21:50:04.469873,2026-04-05 21:50:04.469873
464,Paul,Miller,paul.miller@hrcompany.com,2018-10-27,Growth Marketer,6,,active,2026-04-05 21:50:04.469873,2026-04-05 21:50:04.469873
465,Anthony,Galvan,anthony.galvan@hrcompany.com,2020-09-14,HR Specialist,3,,active,2026-04-05 21:50:04.469873,2026-04-05 21:50:04.469873
466,Lacey,Taylor,lacey.taylor@hrcompany.com,2019-11-18,Product Manager,5,,active,2026-04-05 21:50:04.469873,2026-04-05 21:50:04.469873
467,Samantha,Kennedy,samantha.kennedy@hrcompany.com,2017-05-12,HR Coordinator,3,,active,2026-04-05 21:50:04.469873,2026-04-05 21:50:04.469873
468,Katherine,Harrison,katherine.harrison@hrcompany.com,2015-02-02,CS Team Lead,8,,active,2026-04-05 21:50:04.469873,2026-04-05 21:50:04.469873
469,Rebecca,Smith,rebecca.smith@hrcompany.com,2018-09-02,COO,10,,active,2026-04-05 21:50:04.469873,2026-04-05 21:50:04.469873
470,Mary,Dunn,mary.dunn@hrcompany.com,2023-12-24,Operations Manager,10,,active,2026-04-05 21:50:04.469873,2026-04-05 21:50:04.469873
471,Rodney,Parsons,rodney.parsons@hrcompany.com,2019-01-16,Content Strategist,6,,active,2026-04-05 21:50:04.469873,2026-04-05 21:50:04.469873
472,Kevin,Williams,kevin.williams@hrcompany.com,2022-02-21,CS Team Lead,8,,active,2026-04-05 21:50:04.469873,2026-04-05 21:50:04.469873
473,Danielle,Dean,danielle.dean@hrcompany.com,2016-01-26,VP of Product,5,,active,2026-04-05 21:50:04.469873,2026-04-05 21:50:04.469873
474,Daniel,Stein,daniel.stein@hrcompany.com,2015-04-13,Legal Counsel,9,,active,2026-04-05 21:50:04.469873,2026-04-05 21:50:04.469873
475,Crystal,Andrews,crystal.andrews@hrcompany.com,2017-06-11,CS Specialist,8,,active,2026-04-05 21:50:04.469873,2026-04-05 21:50:04.469873
476,Kelly,Smith,kelly.smith@hrcompany.com,2021-01-01,Associate PM,5,,active,2026-04-05 21:50:04.469873,2026-04-05 21:50:04.469873
477,John,Butler,john.butler@hrcompany.com,2016-06-15,Data Science Manager,2,,active,2026-04-05 21:50:04.469873,2026-04-05 21:50:04.469873
478,Alexandra,Ward,alexandra.ward@hrcompany.com,2023-12-13,Sales Manager,7,,active,2026-04-05 21:50:04.469873,2026-04-05 21:50:04.469873
479,Amy,Hartman,amy.hartman@hrcompany.com,2023-08-21,Tech Lead,1,,active,2026-04-05 21:50:04.469873,2026-04-05 21:50:04.469873
480,Angela,Myers,angela.myers@hrcompany.com,2022-12-31,Operations Analyst,10,,active,2026-04-05 21:50:04.469873,2026-04-05 21:50:04.469873
481,Bradley,Hughes,bradley.hughes@hrcompany.com,2021-05-08,Customer Success Manager,8,,terminated,2026-04-05 21:50:04.469873,2026-04-05 21:50:04.469873
482,Jon,Smith,jon.smith@hrcompany.com,2016-02-24,CS Specialist,8,,active,2026-04-05 21:50:04.469873,2026-04-05 21:50:04.469873
483,Michael,Quinn,michael.quinn@hrcompany.com,2016-10-06,Marketing Coordinator,6,,active,2026-04-05 21:50:04.469873,2026-04-05 21:50:04.469873
484,Kelsey,Moss,kelsey.moss@hrcompany.com,2020-08-28,HR Coordinator,3,,active,2026-04-05 21:50:04.469873,2026-04-05 21:50:04.469873
485,Dennis,Bell,dennis.bell@hrcompany.com,2020-10-04,CS Team Lead,8,,active,2026-04-05 21:50:04.469873,2026-04-05 21:50:04.469873
486,Lisa,Thompson,lisa.thompson@hrcompany.com,2022-11-27,Operations Analyst,10,,active,2026-04-05 21:50:04.469873,2026-04-05 21:50:04.469873
487,Tina,Mendoza,tina.mendoza@hrcompany.com,2018-02-06,Group PM,5,,active,2026-04-05 21:50:04.469873,2026-04-05 21:50:04.469873
488,Lisa,Brown,lisa.brown@hrcompany.com,2022-10-14,CMO,6,,active,2026-04-05 21:50:04.469873,2026-04-05 21:50:04.469873
489,Benjamin,Harris,benjamin.harris@hrcompany.com,2018-05-24,Marketing Coordinator,6,,active,2026-04-05 21:50:04.469873,2026-04-05 21:50:04.469873
490,Nina,Stewart,nina.stewart@hrcompany.com,2020-04-10,Legal Director,9,,active,2026-04-05 21:50:04.469873,2026-04-05 21:50:04.469873
491,Zachary,Hays,zachary.hays@hrcompany.com,2023-01-20,VP of Product,5,,active,2026-04-05 21:50:04.469873,2026-04-05 21:50:04.469873
492,Jon,Mullins,jon.mullins@hrcompany.com,2018-04-02,Marketing Coordinator,6,,active,2026-04-05 21:50:04.469873,2026-04-05 21:50:04.469873
493,Justin,Atkins,justin.atkins@hrcompany.com,2015-10-25,HR Business Partner,3,,active,2026-04-05 21:50:04.469873,2026-04-05 21:50:04.469873
494,Michelle,Rivera,michelle.rivera@hrcompany.com,2017-02-12,Account Executive,7,,active,2026-04-05 21:50:04.469873,2026-04-05 21:50:04.469873
495,Lauren,Kim,lauren.kim@hrcompany.com,2021-10-21,Senior Data Engineer,2,,active,2026-04-05 21:50:04.469873,2026-04-05 21:50:04.469873
496,Julia,Kline,julia.kline@hrcompany.com,2021-07-30,Content Strategist,6,,active,2026-04-05 21:50:04.469873,2026-04-05 21:50:04.469873
497,Matthew,Lopez,matthew.lopez@hrcompany.com,2023-06-19,Legal Counsel,9,,active,2026-04-05 21:50:04.469873,2026-04-05 21:50:04.469873
498,Michael,Salinas,michael.salinas@hrcompany.com,2019-07-16,VP of Sales,7,,active,2026-04-05 21:50:04.469873,2026-04-05 21:50:04.469873
499,Laurie,Acosta,laurie.acosta@hrcompany.com,2016-05-05,Growth Marketer,6,,active,2026-04-05 21:50:04.469873,2026-04-05 21:50:04.469873
500,Ryan,Carney,ryan.carney@hrcompany.com,2018-01-26,Senior Analyst,4,,active,2026-04-05 21:50:04.469873,2026-04-05 21:50:04.469873
6,Anna,Baldwin,anna.baldwin@hrcompany.com,2022-02-19,Software Engineer,1,3.0,active,2026-04-05 21:50:04.469873,2026-04-05 21:50:04.469873
23,Jeremy,Johnson,jeremy.johnson@hrcompany.com,2020-05-14,Software Engineer,1,3.0,active,2026-04-05 21:50:04.469873,2026-04-05 21:50:04.469873
37,Teresa,Gill,teresa.gill@hrcompany.com,2023-08-21,Junior Developer,1,3.0,active,2026-04-05 21:50:04.469873,2026-04-05 21:50:04.469873
60,Emily,Joyce,emily.joyce@hrcompany.com,2016-09-03,Junior Developer,1,3.0,active,2026-04-05 21:50:04.469873,2026-04-05 21:50:04.469873
61,Bruce,Chandler,bruce.chandler@hrcompany.com,2016-11-09,Software Engineer,1,3.0,active,2026-04-05 21:50:04.469873,2026-04-05 21:50:04.469873
62,John,Lee,john.lee@hrcompany.com,2022-08-19,Senior Engineer,1,3.0,active,2026-04-05 21:50:04.469873,2026-04-05 21:50:04.469873
69,Michelle,Barrera,michelle.barrera@hrcompany.com,2017-10-20,Junior Developer,1,3.0,active,2026-04-05 21:50:04.469873,2026-04-05 21:50:04.469873
78,Casey,Jones,casey.jones@hrcompany.com,2019-01-01,Software Engineer,1,3.0,active,2026-04-05 21:50:04.469873,2026-04-05 21:50:04.469873
83,John,Foster,john.foster@hrcompany.com,2020-02-08,Engineering Manager,1,3.0,active,2026-04-05 21:50:04.469873,2026-04-05 21:50:04.469873
84,Stephen,Hickman,stephen.hickman@hrcompany.com,2016-03-26,Senior Engineer,1,3.0,active,2026-04-05 21:50:04.469873,2026-04-05 21:50:04.469873
91,Alan,Montoya,alan.montoya@hrcompany.com,2020-02-04,Engineering Manager,1,3.0,active,2026-04-05 21:50:04.469873,2026-04-05 21:50:04.469873
109,Nicole,Johnson,nicole.johnson@hrcompany.com,2020-08-26,Junior Developer,1,3.0,active,2026-04-05 21:50:04.469873,2026-04-05 21:50:04.469873
188,Melissa,Short,melissa.short@hrcompany.com,2016-10-17,Junior Developer,1,3.0,active,2026-04-05 21:50:04.469873,2026-04-05 21:50:04.469873
195,Ashley,Barnett,ashley.barnett@hrcompany.com,2020-09-21,Senior Engineer,1,3.0,active,2026-04-05 21:50:04.469873,2026-04-05 21:50:04.469873
243,Barbara,Hines,barbara.hines@hrcompany.com,2017-12-24,Engineering Manager,1,3.0,active,2026-04-05 21:50:04.469873,2026-04-05 21:50:04.469873
245,Howard,Richards,howard.richards@hrcompany.com,2023-05-14,Engineering Manager,1,3.0,active,2026-04-05 21:50:04.469873,2026-04-05 21:50:04.469873
247,Mathew,Santiago,mathew.santiago@hrcompany.com,2017-09-26,Senior Engineer,1,3.0,active,2026-04-05 21:50:04.469873,2026-04-05 21:50:04.469873
250,Shawn,Edwards,shawn.edwards@hrcompany.com,2020-07-01,Software Engineer,1,3.0,active,2026-04-05 21:50:04.469873,2026-04-05 21:50:04.469873
276,Paul,Alvarado,paul.alvarado@hrcompany.com,2017-08-03,Junior Developer,1,3.0,active,2026-04-05 21:50:04.469873,2026-04-05 21:50:04.469873
14,Barbara,Bush,barbara.bush@hrcompany.com,2015-10-12,Data Analyst,2,9.0,active,2026-04-05 21:50:04.469873,2026-04-05 21:50:04.469873
16,Melissa,Delacruz,melissa.delacruz@hrcompany.com,2021-06-20,Analytics Engineer,2,9.0,active,2026-04-05 21:50:04.469873,2026-04-05 21:50:04.469873
19,Jacqueline,Sutton,jacqueline.sutton@hrcompany.com,2016-03-19,Data Science Manager,2,9.0,active,2026-04-05 21:50:04.469873,2026-04-05 21:50:04.469873
32,Paul,Carlson,paul.carlson@hrcompany.com,2022-12-18,Data Analyst,2,9.0,active,2026-04-05 21:50:04.469873,2026-04-05 21:50:04.469873
47,Joseph,Brennan,joseph.brennan@hrcompany.com,2022-03-14,Senior Data Engineer,2,9.0,active,2026-04-05 21:50:04.469873,2026-04-05 21:50:04.469873
58,James,Davis,james.davis@hrcompany.com,2022-05-02,Senior Data Engineer,2,9.0,active,2026-04-05 21:50:04.469873,2026-04-05 21:50:04.469873
67,Tanya,House,tanya.house@hrcompany.com,2019-01-08,Analytics Engineer,2,9.0,active,2026-04-05 21:50:04.469873,2026-04-05 21:50:04.469873
88,Natasha,Wood,natasha.wood@hrcompany.com,2017-09-07,Data Science Manager,2,9.0,active,2026-04-05 21:50:04.469873,2026-04-05 21:50:04.469873
96,William,King,william.king@hrcompany.com,2015-11-12,Data Analyst,2,9.0,active,2026-04-05 21:50:04.469873,2026-04-05 21:50:04.469873
104,Rachel,Flynn,rachel.flynn@hrcompany.com,2015-09-05,Data Engineer,2,9.0,active,2026-04-05 21:50:04.469873,2026-04-05 21:50:04.469873
105,Rachel,Clark,rachel.clark@hrcompany.com,2019-03-31,Data Science Manager,2,9.0,active,2026-04-05 21:50:04.469873,2026-04-05 21:50:04.469873
113,Jeffrey,Velasquez,jeffrey.velasquez@hrcompany.com,2022-10-31,Data Analyst,2,9.0,active,2026-04-05 21:50:04.469873,2026-04-05 21:50:04.469873
125,Michael,Jones,michael.jones@hrcompany.com,2020-08-13,Analytics Engineer,2,9.0,active,2026-04-05 21:50:04.469873,2026-04-05 21:50:04.469873
130,Erica,Orr,erica.orr@hrcompany.com,2020-02-14,Senior Data Engineer,2,9.0,active,2026-04-05 21:50:04.469873,2026-04-05 21:50:04.469873
133,Steven,Ramos,steven.ramos@hrcompany.com,2018-08-20,Senior Data Engineer,2,9.0,active,2026-04-05 21:50:04.469873,2026-04-05 21:50:04.469873
143,Patricia,Dalton,patricia.dalton@hrcompany.com,2016-10-24,Senior Data Engineer,2,9.0,active,2026-04-05 21:50:04.469873,2026-04-05 21:50:04.469873
157,Jamie,Fisher,jamie.fisher@hrcompany.com,2015-05-02,Analytics Engineer,2,9.0,active,2026-04-05 21:50:04.469873,2026-04-05 21:50:04.469873
161,Amanda,Navarro,amanda.navarro@hrcompany.com,2018-10-02,Analytics Engineer,2,9.0,active,2026-04-05 21:50:04.469873,2026-04-05 21:50:04.469873
196,Anthony,Rosales,anthony.rosales@hrcompany.com,2018-02-03,Data Analyst,2,9.0,active,2026-04-05 21:50:04.469873,2026-04-05 21:50:04.469873
33,Allison,Maddox,allison.maddox@hrcompany.com,2015-03-13,HR Specialist,3,28.0,active,2026-04-05 21:50:04.469873,2026-04-05 21:50:04.469873
40,Eric,Farmer,eric.farmer@hrcompany.com,2015-01-04,Talent Acquisition,3,28.0,active,2026-04-05 21:50:04.469873,2026-04-05 21:50:04.469873
44,Christopher,Tucker,christopher.tucker@hrcompany.com,2016-03-06,HR Business Partner,3,28.0,active,2026-04-05 21:50:04.469873,2026-04-05 21:50:04.469873
82,Leslie,Green,leslie.green@hrcompany.com,2020-05-06,HR Specialist,3,28.0,active,2026-04-05 21:50:04.469873,2026-04-05 21:50:04.469873
111,Joseph,Cobb,joseph.cobb@hrcompany.com,2016-11-02,HR Business Partner,3,28.0,active,2026-04-05 21:50:04.469873,2026-04-05 21:50:04.469873
114,Michael,Hoover,michael.hoover@hrcompany.com,2018-11-15,HR Manager,3,28.0,active,2026-04-05 21:50:04.469873,2026-04-05 21:50:04.469873
122,Darrell,Lam,darrell.lam@hrcompany.com,2018-03-27,Talent Acquisition,3,28.0,active,2026-04-05 21:50:04.469873,2026-04-05 21:50:04.469873
147,Stephanie,Vance,stephanie.vance@hrcompany.com,2023-08-03,HR Manager,3,28.0,active,2026-04-05 21:50:04.469873,2026-04-05 21:50:04.469873
152,Joshua,Jones,joshua.jones@hrcompany.com,2019-11-11,HR Coordinator,3,28.0,active,2026-04-05 21:50:04.469873,2026-04-05 21:50:04.469873
160,Karen,Castaneda,karen.castaneda@hrcompany.com,2022-02-16,HR Coordinator,3,28.0,active,2026-04-05 21:50:04.469873,2026-04-05 21:50:04.469873
173,Jeffrey,Jones,jeffrey.jones@hrcompany.com,2015-09-08,HR Specialist,3,28.0,active,2026-04-05 21:50:04.469873,2026-04-05 21:50:04.469873
174,Karen,Herring,karen.herring@hrcompany.com,2018-05-23,HR Specialist,3,28.0,active,2026-04-05 21:50:04.469873,2026-04-05 21:50:04.469873
186,Michael,Patterson,michael.patterson@hrcompany.com,2021-04-21,HR Manager,3,28.0,active,2026-04-05 21:50:04.469873,2026-04-05 21:50:04.469873
189,Ryan,Cox,ryan.cox@hrcompany.com,2022-10-27,Talent Acquisition,3,28.0,active,2026-04-05 21:50:04.469873,2026-04-05 21:50:04.469873
237,Scott,Harrison,scott.harrison@hrcompany.com,2020-03-04,HR Specialist,3,28.0,active,2026-04-05 21:50:04.469873,2026-04-05 21:50:04.469873
244,Thomas,Pearson,thomas.pearson@hrcompany.com,2019-09-25,Talent Acquisition,3,28.0,active,2026-04-05 21:50:04.469873,2026-04-05 21:50:04.469873
269,Mary,Carpenter,mary.carpenter@hrcompany.com,2023-05-01,HR Coordinator,3,28.0,active,2026-04-05 21:50:04.469873,2026-04-05 21:50:04.469873
279,Morgan,Alexander,morgan.alexander@hrcompany.com,2023-12-13,Talent Acquisition,3,28.0,active,2026-04-05 21:50:04.469873,2026-04-05 21:50:04.469873
293,Amanda,Knight,amanda.knight@hrcompany.com,2018-01-23,HR Business Partner,3,28.0,active,2026-04-05 21:50:04.469873,2026-04-05 21:50:04.469873
18,Francisco,Kelly,francisco.kelly@hrcompany.com,2019-07-17,Senior Analyst,4,2.0,active,2026-04-05 21:50:04.469873,2026-04-05 21:50:04.469873
25,Jason,Porter,jason.porter@hrcompany.com,2022-10-22,CFO,4,2.0,active,2026-04-05 21:50:04.469873,2026-04-05 21:50:04.469873
31,Laura,Henderson,laura.henderson@hrcompany.com,2016-01-30,Accountant,4,2.0,active,2026-04-05 21:50:04.469873,2026-04-05 21:50:04.469873
63,Donald,White,donald.white@hrcompany.com,2022-11-14,Senior Analyst,4,2.0,active,2026-04-05 21:50:04.469873,2026-04-05 21:50:04.469873
64,John,Leblanc,john.leblanc@hrcompany.com,2022-07-16,CFO,4,2.0,active,2026-04-05 21:50:04.469873,2026-04-05 21:50:04.469873
71,Sara,Glover,sara.glover@hrcompany.com,2019-11-08,CFO,4,2.0,active,2026-04-05 21:50:04.469873,2026-04-05 21:50:04.469873
73,Eric,Phillips,eric.phillips@hrcompany.com,2015-12-30,Financial Analyst,4,2.0,active,2026-04-05 21:50:04.469873,2026-04-05 21:50:04.469873
76,Samantha,Schmidt,samantha.schmidt@hrcompany.com,2015-12-20,Accountant,4,2.0,active,2026-04-05 21:50:04.469873,2026-04-05 21:50:04.469873
89,Samuel,Daniels,samuel.daniels@hrcompany.com,2020-02-23,Finance Manager,4,2.0,active,2026-04-05 21:50:04.469873,2026-04-05 21:50:04.469873
93,Joseph,Preston,joseph.preston@hrcompany.com,2017-08-23,Senior Analyst,4,2.0,active,2026-04-05 21:50:04.469873,2026-04-05 21:50:04.469873
98,Bradley,Cook,bradley.cook@hrcompany.com,2017-03-23,CFO,4,2.0,active,2026-04-05 21:50:04.469873,2026-04-05 21:50:04.469873
118,Sheila,Wilson,sheila.wilson@hrcompany.com,2019-06-12,Accountant,4,2.0,active,2026-04-05 21:50:04.469873,2026-04-05 21:50:04.469873
121,Jessica,Edwards,jessica.edwards@hrcompany.com,2023-09-13,Accountant,4,2.0,terminated,2026-04-05 21:50:04.469873,2026-04-05 21:50:04.469873
124,April,Drake,april.drake@hrcompany.com,2018-05-09,Senior Analyst,4,2.0,active,2026-04-05 21:50:04.469873,2026-04-05 21:50:04.469873
128,Elizabeth,Nguyen,elizabeth.nguyen@hrcompany.com,2020-01-12,Accountant,4,2.0,active,2026-04-05 21:50:04.469873,2026-04-05 21:50:04.469873
129,Angela,Lee,angela.lee@hrcompany.com,2021-06-13,Finance Manager,4,2.0,active,2026-04-05 21:50:04.469873,2026-04-05 21:50:04.469873
141,Jennifer,Cruz,jennifer.cruz@hrcompany.com,2021-10-19,Senior Analyst,4,2.0,active,2026-04-05 21:50:04.469873,2026-04-05 21:50:04.469873
154,Devon,Hall,devon.hall@hrcompany.com,2017-08-07,Senior Analyst,4,2.0,active,2026-04-05 21:50:04.469873,2026-04-05 21:50:04.469873
155,Jasmine,Brown,jasmine.brown@hrcompany.com,2021-12-07,Accountant,4,2.0,active,2026-04-05 21:50:04.469873,2026-04-05 21:50:04.469873
41,Carol,Burns,carol.burns@hrcompany.com,2016-11-26,VP of Product,5,15.0,active,2026-04-05 21:50:04.469873,2026-04-05 21:50:04.469873
43,John,Allen,john.allen@hrcompany.com,2016-05-04,VP of Product,5,15.0,active,2026-04-05 21:50:04.469873,2026-04-05 21:50:04.469873
48,Tamara,Hickman,tamara.hickman@hrcompany.com,2018-06-03,Product Manager,5,15.0,active,2026-04-05 21:50:04.469873,2026-04-05 21:50:04.469873
55,Chad,Young,chad.young@hrcompany.com,2023-04-05,Group PM,5,15.0,terminated,2026-04-05 21:50:04.469873,2026-04-05 21:50:04.469873
95,James,Walters,james.walters@hrcompany.com,2019-06-29,Group PM,5,15.0,active,2026-04-05 21:50:04.469873,2026-04-05 21:50:04.469873
106,Elizabeth,Gomez,elizabeth.gomez@hrcompany.com,2021-11-30,VP of Product,5,15.0,active,2026-04-05 21:50:04.469873,2026-04-05 21:50:04.469873
108,Michelle,Cherry,michelle.cherry@hrcompany.com,2018-01-05,VP of Product,5,15.0,active,2026-04-05 21:50:04.469873,2026-04-05 21:50:04.469873
110,Kimberly,Jenkins,kimberly.jenkins@hrcompany.com,2019-03-23,Associate PM,5,15.0,active,2026-04-05 21:50:04.469873,2026-04-05 21:50:04.469873
134,William,Leon,william.leon@hrcompany.com,2017-11-20,Associate PM,5,15.0,active,2026-04-05 21:50:04.469873,2026-04-05 21:50:04.469873
145,Steven,Grant,steven.grant@hrcompany.com,2017-01-24,VP of Product,5,15.0,active,2026-04-05 21:50:04.469873,2026-04-05 21:50:04.469873
149,Phyllis,Manning,phyllis.manning@hrcompany.com,2023-01-28,Senior PM,5,15.0,active,2026-04-05 21:50:04.469873,2026-04-05 21:50:04.469873
170,Joshua,Bean,joshua.bean@hrcompany.com,2022-03-04,Group PM,5,15.0,active,2026-04-05 21:50:04.469873,2026-04-05 21:50:04.469873
171,Johnny,Miller,johnny.miller@hrcompany.com,2015-05-01,Product Manager,5,15.0,active,2026-04-05 21:50:04.469873,2026-04-05 21:50:04.469873
190,Jasmine,Graham,jasmine.graham@hrcompany.com,2023-11-17,Group PM,5,15.0,active,2026-04-05 21:50:04.469873,2026-04-05 21:50:04.469873
204,Kevin,Perkins,kevin.perkins@hrcompany.com,2023-01-19,VP of Product,5,15.0,active,2026-04-05 21:50:04.469873,2026-04-05 21:50:04.469873
208,Leslie,Newton,leslie.newton@hrcompany.com,2018-02-24,VP of Product,5,15.0,active,2026-04-05 21:50:04.469873,2026-04-05 21:50:04.469873
215,Heidi,Martinez,heidi.martinez@hrcompany.com,2023-05-09,VP of Product,5,15.0,active,2026-04-05 21:50:04.469873,2026-04-05 21:50:04.469873
224,Kimberly,James,kimberly.james@hrcompany.com,2022-07-13,VP of Product,5,15.0,active,2026-04-05 21:50:04.469873,2026-04-05 21:50:04.469873
256,Sara,Kim,sara.kim@hrcompany.com,2023-03-31,VP of Product,5,15.0,terminated,2026-04-05 21:50:04.469873,2026-04-05 21:50:04.469873
8,Katherine,Moore,katherine.moore@hrcompany.com,2022-03-11,Marketing Coordinator,6,7.0,active,2026-04-05 21:50:04.469873,2026-04-05 21:50:04.469873
17,Joshua,Reid,joshua.reid@hrcompany.com,2021-03-16,Content Strategist,6,7.0,active,2026-04-05 21:50:04.469873,2026-04-05 21:50:04.469873
24,Richard,Jones,richard.jones@hrcompany.com,2020-05-09,Marketing Manager,6,7.0,active,2026-04-05 21:50:04.469873,2026-04-05 21:50:04.469873
26,Douglas,Taylor,douglas.taylor@hrcompany.com,2019-06-21,Content Strategist,6,7.0,active,2026-04-05 21:50:04.469873,2026-04-05 21:50:04.469873
39,Meagan,Romero,meagan.romero@hrcompany.com,2018-05-20,Marketing Coordinator,6,7.0,active,2026-04-05 21:50:04.469873,2026-04-05 21:50:04.469873
56,Jason,Anderson,jason.anderson@hrcompany.com,2023-01-16,Marketing Manager,6,7.0,active,2026-04-05 21:50:04.469873,2026-04-05 21:50:04.469873
70,Nicholas,Galloway,nicholas.galloway@hrcompany.com,2019-07-06,Marketing Coordinator,6,7.0,active,2026-04-05 21:50:04.469873,2026-04-05 21:50:04.469873
99,Dana,Green,dana.green@hrcompany.com,2022-07-08,Marketing Coordinator,6,7.0,active,2026-04-05 21:50:04.469873,2026-04-05 21:50:04.469873
100,Andrea,Patterson,andrea.patterson@hrcompany.com,2015-03-02,Growth Marketer,6,7.0,active,2026-04-05 21:50:04.469873,2026-04-05 21:50:04.469873
107,Terri,Brady,terri.brady@hrcompany.com,2019-01-11,Content Strategist,6,7.0,active,2026-04-05 21:50:04.469873,2026-04-05 21:50:04.469873
115,Jeffrey,Keller,jeffrey.keller@hrcompany.com,2021-10-11,CMO,6,7.0,active,2026-04-05 21:50:04.469873,2026-04-05 21:50:04.469873
117,Michael,Hicks,michael.hicks@hrcompany.com,2020-08-19,Marketing Coordinator,6,7.0,active,2026-04-05 21:50:04.469873,2026-04-05 21:50:04.469873
119,Gregory,Estes,gregory.estes@hrcompany.com,2019-07-08,CMO,6,7.0,active,2026-04-05 21:50:04.469873,2026-04-05 21:50:04.469873
123,Jonathan,Fletcher,jonathan.fletcher@hrcompany.com,2015-01-11,Marketing Manager,6,7.0,active,2026-04-05 21:50:04.469873,2026-04-05 21:50:04.469873
136,Clarence,Crane,clarence.crane@hrcompany.com,2018-12-30,Marketing Manager,6,7.0,active,2026-04-05 21:50:04.469873,2026-04-05 21:50:04.469873
142,John,Douglas,john.douglas@hrcompany.com,2015-02-04,CMO,6,7.0,active,2026-04-05 21:50:04.469873,2026-04-05 21:50:04.469873
172,Kaitlyn,Williams,kaitlyn.williams@hrcompany.com,2020-12-14,CMO,6,7.0,active,2026-04-05 21:50:04.469873,2026-04-05 21:50:04.469873
180,Daniel,Johnson,daniel.johnson@hrcompany.com,2020-04-22,Growth Marketer,6,7.0,active,2026-04-05 21:50:04.469873,2026-04-05 21:50:04.469873
201,Angela,Allen,angela.allen@hrcompany.com,2023-02-06,Content Strategist,6,7.0,active,2026-04-05 21:50:04.469873,2026-04-05 21:50:04.469873
12,Jessica,Herrera,jessica.herrera@hrcompany.com,2021-06-10,Sales Development Rep,7,1.0,active,2026-04-05 21:50:04.469873,2026-04-05 21:50:04.469873
27,Julie,Patterson,julie.patterson@hrcompany.com,2021-10-17,Sales Manager,7,1.0,active,2026-04-05 21:50:04.469873,2026-04-05 21:50:04.469873
30,Michelle,Hernandez,michelle.hernandez@hrcompany.com,2017-09-21,VP of Sales,7,1.0,active,2026-04-05 21:50:04.469873,2026-04-05 21:50:04.469873
34,Erin,Wilson,erin.wilson@hrcompany.com,2019-07-16,VP of Sales,7,1.0,active,2026-04-05 21:50:04.469873,2026-04-05 21:50:04.469873
35,Kayla,Peterson,kayla.peterson@hrcompany.com,2019-12-29,VP of Sales,7,1.0,terminated,2026-04-05 21:50:04.469873,2026-04-05 21:50:04.469873
68,Gabriel,Tucker,gabriel.tucker@hrcompany.com,2018-08-21,Sales Manager,7,1.0,active,2026-04-05 21:50:04.469873,2026-04-05 21:50:04.469873
72,Rodney,Bernard,rodney.bernard@hrcompany.com,2023-04-13,Account Executive,7,1.0,active,2026-04-05 21:50:04.469873,2026-04-05 21:50:04.469873
79,Richard,David,richard.david@hrcompany.com,2019-03-10,Senior AE,7,1.0,active,2026-04-05 21:50:04.469873,2026-04-05 21:50:04.469873
94,Joseph,Jacobs,joseph.jacobs@hrcompany.com,2020-10-31,Account Executive,7,1.0,active,2026-04-05 21:50:04.469873,2026-04-05 21:50:04.469873
116,Mark,Lin,mark.lin@hrcompany.com,2019-10-01,Account Executive,7,1.0,active,2026-04-05 21:50:04.469873,2026-04-05 21:50:04.469873
120,Benjamin,Carlson,benjamin.carlson@hrcompany.com,2020-11-18,VP of Sales,7,1.0,active,2026-04-05 21:50:04.469873,2026-04-05 21:50:04.469873
135,Donna,Campbell,donna.campbell@hrcompany.com,2020-09-13,Senior AE,7,1.0,active,2026-04-05 21:50:04.469873,2026-04-05 21:50:04.469873
139,Cheryl,Mack,cheryl.mack@hrcompany.com,2022-09-30,Sales Development Rep,7,1.0,active,2026-04-05 21:50:04.469873,2026-04-05 21:50:04.469873
144,Kimberly,Robinson,kimberly.robinson@hrcompany.com,2023-10-24,Senior AE,7,1.0,active,2026-04-05 21:50:04.469873,2026-04-05 21:50:04.469873
146,Stephen,Solis,stephen.solis@hrcompany.com,2020-05-25,Sales Manager,7,1.0,active,2026-04-05 21:50:04.469873,2026-04-05 21:50:04.469873
148,Ronald,Meadows,ronald.meadows@hrcompany.com,2022-08-02,VP of Sales,7,1.0,active,2026-04-05 21:50:04.469873,2026-04-05 21:50:04.469873
159,Thomas,Bender,thomas.bender@hrcompany.com,2020-01-30,Sales Manager,7,1.0,active,2026-04-05 21:50:04.469873,2026-04-05 21:50:04.469873
175,Mary,Howell,mary.howell@hrcompany.com,2019-01-22,Senior AE,7,1.0,active,2026-04-05 21:50:04.469873,2026-04-05 21:50:04.469873
176,David,Caldwell,david.caldwell@hrcompany.com,2018-09-16,Sales Development Rep,7,1.0,active,2026-04-05 21:50:04.469873,2026-04-05 21:50:04.469873
21,Frank,Gray,frank.gray@hrcompany.com,2018-09-26,CS Team Lead,8,11.0,active,2026-04-05 21:50:04.469873,2026-04-05 21:50:04.469873
50,Samuel,Holmes,samuel.holmes@hrcompany.com,2017-01-21,CS Specialist,8,11.0,terminated,2026-04-05 21:50:04.469873,2026-04-05 21:50:04.469873
52,Brianna,Hall,brianna.hall@hrcompany.com,2018-09-30,Customer Success Manager,8,11.0,active,2026-04-05 21:50:04.469873,2026-04-05 21:50:04.469873
57,John,Kennedy,john.kennedy@hrcompany.com,2021-12-04,CS Specialist,8,11.0,active,2026-04-05 21:50:04.469873,2026-04-05 21:50:04.469873
66,Brent,Kidd,brent.kidd@hrcompany.com,2015-04-02,CS Team Lead,8,11.0,active,2026-04-05 21:50:04.469873,2026-04-05 21:50:04.469873
77,Susan,Miller,susan.miller@hrcompany.com,2018-02-28,Customer Success Manager,8,11.0,active,2026-04-05 21:50:04.469873,2026-04-05 21:50:04.469873
80,Beth,Williams,beth.williams@hrcompany.com,2016-05-24,Senior CSM,8,11.0,active,2026-04-05 21:50:04.469873,2026-04-05 21:50:04.469873
112,Patrick,Williams,patrick.williams@hrcompany.com,2023-01-03,CS Team Lead,8,11.0,active,2026-04-05 21:50:04.469873,2026-04-05 21:50:04.469873
126,Cindy,Alvarado,cindy.alvarado@hrcompany.com,2017-02-13,Customer Success Manager,8,11.0,active,2026-04-05 21:50:04.469873,2026-04-05 21:50:04.469873
127,Jennifer,Evans,jennifer.evans@hrcompany.com,2020-04-05,Senior CSM,8,11.0,active,2026-04-05 21:50:04.469873,2026-04-05 21:50:04.469873
151,Katie,Boyd,katie.boyd@hrcompany.com,2019-01-26,Customer Success Manager,8,11.0,active,2026-04-05 21:50:04.469873,2026-04-05 21:50:04.469873
164,Jennifer,Pittman,jennifer.pittman@hrcompany.com,2017-03-04,Senior CSM,8,11.0,terminated,2026-04-05 21:50:04.469873,2026-04-05 21:50:04.469873
165,Tina,Ferguson,tina.ferguson@hrcompany.com,2021-09-14,CS Team Lead,8,11.0,active,2026-04-05 21:50:04.469873,2026-04-05 21:50:04.469873
167,Dawn,Taylor,dawn.taylor@hrcompany.com,2022-11-08,CS Team Lead,8,11.0,active,2026-04-05 21:50:04.469873,2026-04-05 21:50:04.469873
183,Brittany,Rivas,brittany.rivas@hrcompany.com,2019-02-18,Customer Success Manager,8,11.0,active,2026-04-05 21:50:04.469873,2026-04-05 21:50:04.469873
184,Curtis,Barton,curtis.barton@hrcompany.com,2017-01-22,CS Specialist,8,11.0,active,2026-04-05 21:50:04.469873,2026-04-05 21:50:04.469873
191,Tammy,Nelson,tammy.nelson@hrcompany.com,2023-03-24,Senior CSM,8,11.0,active,2026-04-05 21:50:04.469873,2026-04-05 21:50:04.469873
194,Joshua,Hayes,joshua.hayes@hrcompany.com,2022-11-27,CS Specialist,8,11.0,active,2026-04-05 21:50:04.469873,2026-04-05 21:50:04.469873
199,Angela,Black,angela.black@hrcompany.com,2018-04-02,CS Specialist,8,11.0,active,2026-04-05 21:50:04.469873,2026-04-05 21:50:04.469873
20,Chelsea,Jackson,chelsea.jackson@hrcompany.com,2019-03-02,Legal Director,9,4.0,active,2026-04-05 21:50:04.469873,2026-04-05 21:50:04.469873
22,Gabrielle,Cameron,gabrielle.cameron@hrcompany.com,2015-12-14,Legal Counsel,9,4.0,active,2026-04-05 21:50:04.469873,2026-04-05 21:50:04.469873
29,William,Davis,william.davis@hrcompany.com,2015-10-20,Senior Counsel,9,4.0,active,2026-04-05 21:50:04.469873,2026-04-05 21:50:04.469873
36,Ryan,Chavez,ryan.chavez@hrcompany.com,2019-06-25,Senior Counsel,9,4.0,terminated,2026-04-05 21:50:04.469873,2026-04-05 21:50:04.469873
38,Rita,Harrell,rita.harrell@hrcompany.com,2020-01-29,Senior Counsel,9,4.0,active,2026-04-05 21:50:04.469873,2026-04-05 21:50:04.469873
42,Sarah,Koch,sarah.koch@hrcompany.com,2020-03-25,Legal Counsel,9,4.0,active,2026-04-05 21:50:04.469873,2026-04-05 21:50:04.469873
45,Tiffany,Patel,tiffany.patel@hrcompany.com,2017-02-20,Legal Director,9,4.0,active,2026-04-05 21:50:04.469873,2026-04-05 21:50:04.469873
51,John,Brown,john.brown@hrcompany.com,2015-05-11,Legal Counsel,9,4.0,active,2026-04-05 21:50:04.469873,2026-04-05 21:50:04.469873
54,Jeremy,Whitehead,jeremy.whitehead@hrcompany.com,2020-08-15,Legal Director,9,4.0,active,2026-04-05 21:50:04.469873,2026-04-05 21:50:04.469873
59,Michael,Jenkins,michael.jenkins@hrcompany.com,2015-12-03,Legal Counsel,9,4.0,active,2026-04-05 21:50:04.469873,2026-04-05 21:50:04.469873
74,Beth,Daniels,beth.daniels@hrcompany.com,2020-05-02,Legal Counsel,9,4.0,active,2026-04-05 21:50:04.469873,2026-04-05 21:50:04.469873
75,Brian,Silva,brian.silva@hrcompany.com,2023-07-22,Legal Counsel,9,4.0,terminated,2026-04-05 21:50:04.469873,2026-04-05 21:50:04.469873
81,Robert,Silva,robert.silva@hrcompany.com,2023-11-23,Legal Director,9,4.0,active,2026-04-05 21:50:04.469873,2026-04-05 21:50:04.469873
86,Charles,Lewis,charles.lewis@hrcompany.com,2019-07-06,Legal Counsel,9,4.0,active,2026-04-05 21:50:04.469873,2026-04-05 21:50:04.469873
87,David,Bailey,david.bailey@hrcompany.com,2016-03-03,Legal Counsel,9,4.0,active,2026-04-05 21:50:04.469873,2026-04-05 21:50:04.469873
101,Daniel,Landry,daniel.landry@hrcompany.com,2017-07-15,Legal Director,9,4.0,active,2026-04-05 21:50:04.469873,2026-04-05 21:50:04.469873
102,Amy,Davenport,amy.davenport@hrcompany.com,2017-07-09,Legal Counsel,9,4.0,active,2026-04-05 21:50:04.469873,2026-04-05 21:50:04.469873
103,Russell,Williams,russell.williams@hrcompany.com,2021-03-15,Senior Counsel,9,4.0,active,2026-04-05 21:50:04.469873,2026-04-05 21:50:04.469873
131,Richard,Bass,richard.bass@hrcompany.com,2020-03-03,Senior Counsel,9,4.0,active,2026-04-05 21:50:04.469873,2026-04-05 21:50:04.469873
10,Curtis,James,curtis.james@hrcompany.com,2021-02-08,Operations Manager,10,5.0,active,2026-04-05 21:50:04.469873,2026-04-05 21:50:04.469873
13,Christian,Carter,christian.carter@hrcompany.com,2021-02-25,Operations Manager,10,5.0,active,2026-04-05 21:50:04.469873,2026-04-05 21:50:04.469873
46,David,Alvarez,david.alvarez@hrcompany.com,2017-10-23,Operations Manager,10,5.0,active,2026-04-05 21:50:04.469873,2026-04-05 21:50:04.469873
49,Jennifer,Ross,jennifer.ross@hrcompany.com,2021-05-09,Ops Coordinator,10,5.0,active,2026-04-05 21:50:04.469873,2026-04-05 21:50:04.469873
53,Adrian,Zimmerman,adrian.zimmerman@hrcompany.com,2016-01-01,COO,10,5.0,terminated,2026-04-05 21:50:04.469873,2026-04-05 21:50:04.469873
65,Lindsey,Chase,lindsey.chase@hrcompany.com,2016-08-31,COO,10,5.0,active,2026-04-05 21:50:04.469873,2026-04-05 21:50:04.469873
85,Albert,Howell,albert.howell@hrcompany.com,2016-09-13,COO,10,5.0,active,2026-04-05 21:50:04.469873,2026-04-05 21:50:04.469873
90,Cheryl,Archer,cheryl.archer@hrcompany.com,2023-12-31,Operations Analyst,10,5.0,active,2026-04-05 21:50:04.469873,2026-04-05 21:50:04.469873
92,Sarah,Garcia,sarah.garcia@hrcompany.com,2017-04-14,Operations Manager,10,5.0,active,2026-04-05 21:50:04.469873,2026-04-05 21:50:04.469873
97,Christopher,Henderson,christopher.henderson@hrcompany.com,2019-09-16,Ops Coordinator,10,5.0,active,2026-04-05 21:50:04.469873,2026-04-05 21:50:04.469873
138,Dylan,Williams,dylan.williams@hrcompany.com,2023-01-31,Operations Analyst,10,5.0,active,2026-04-05 21:50:04.469873,2026-04-05 21:50:04.469873
150,Shannon,Walton,shannon.walton@hrcompany.com,2019-09-20,Operations Manager,10,5.0,active,2026-04-05 21:50:04.469873,2026-04-05 21:50:04.469873
153,Jimmy,Rogers,jimmy.rogers@hrcompany.com,2016-05-15,Operations Manager,10,5.0,active,2026-04-05 21:50:04.469873,2026-04-05 21:50:04.469873
158,Melissa,Cannon,melissa.cannon@hrcompany.com,2021-06-21,Operations Analyst,10,5.0,active,2026-04-05 21:50:04.469873,2026-04-05 21:50:04.469873
178,Gary,Lawson,gary.lawson@hrcompany.com,2016-12-12,Ops Coordinator,10,5.0,active,2026-04-05 21:50:04.469873,2026-04-05 21:50:04.469873
179,Kimberly,Martin,kimberly.martin@hrcompany.com,2020-04-16,COO,10,5.0,active,2026-04-05 21:50:04.469873,2026-04-05 21:50:04.469873
198,Matthew,Beard,matthew.beard@hrcompany.com,2019-09-13,Operations Analyst,10,5.0,active,2026-04-05 21:50:04.469873,2026-04-05 21:50:04.469873
209,James,Rodgers,james.rodgers@hrcompany.com,2019-09-15,Ops Coordinator,10,5.0,active,2026-04-05 21:50:04.469873,2026-04-05 21:50:04.469873
217,Taylor,Alexander,taylor.alexander@hrcompany.com,2018-02-19,Operations Manager,10,5.0,active,2026-04-05 21:50:04.469873,2026-04-05 21:50:04.469873
